{
  "spectral": {
    "wl": [
      200,
      250,
      300,
      350,
      400,
      450,
      500,
      550,
      600,
      650,
      700,
      750,
      800,
      850,
      900,
      950
    ],
    "pde25": [
      0.0,
      0.61,
      0.95,
      0.96,
      0.98,
      1.0,
      0.93,
      0.82,
      0.65,
      0.48,
      0.32,
      0.18,
      0.09,
      0.04,
      0.01,
      0.0
    ],
    "pde50": [
      0.0,
      0.59,
      0.94,
      0.97,
      1.0,
      1.0,
      0.9,
      0.75,
      0.55,
      0.38,
      0.2,
      0.09,
      0.03,
      0.01,
      0.0,
      0.0
    ],
    "pde75": [
      0.0,
      0.59,
      0.93,
      0.98,
      1.0,
      1.0,
      0.88,
      0.72,
      0.52,
      0.33,
      0.17,
      0.07,
      0.02,
      0.01,
      0.0,
      0.0
    ]
  },
  "ov": {
    "25": {
      "vov": [
        2,
        3,
        4,
        5,
        6,
        7,
        8
      ],
      "pde": [
        12.35117483672397,
        17.756174461376776,
        22.372944974101046,
        25.188048945274378,
        27.665340439906913,
        29.12919450491705,
        30.030027775692517
      ],
      "gain": [
        280000.0,
        450000.0,
        580000.0,
        700000.0,
        820000.0,
        950000.0,
        1000000.0
      ],
      "xtalk": [
        0.3,
        0.5,
        0.7,
        1.0,
        1.5,
        2.0,
        2.5
      ],
      "dcr": [
        0.35,
        0.55,
        0.75,
        1.0,
        1.4,
        2.0,
        2.5
      ]
    },
    "50": {
      "vov": [
        2,
        3,
        4,
        5,
        6,
        7,
        8
      ],
      "pde": [
        31.15606936416185,
        39.71398543652879,
        45.231589220028525,
        50,
        52.32565122738533,
        53.5642969747016,
        54.127317768936265
      ],
      "gain": [
        1150000.0,
        1700000.0,
        2300000.0,
        2800000.0,
        3200000.0,
        3500000.0,
        3700000.0
      ],
      "xtalk": [
        3.0,
        5.0,
        10.0,
        15.0,
        22.0,
        28.0,
        35.0
      ],
      "dcr": [
        0.6,
        1.0,
        1.6,
        2.5,
        4.0,
        5.5,
        7.0
      ]
    },
    "75": {
      "vov": [
        2,
        3,
        4,
        5,
        6,
        7,
        8
      ],
      "pde": [
        39.82658959537572,
        49.73575557390586,
        55.02815103971173,
        59.9827340289768,
        61.6717964116808,
        62.572629682456274,
        63.023046317844006
      ],
      "gain": [
        2800000.0,
        4000000.0,
        5200000.0,
        6500000.0,
        7500000.0,
        8500000.0,
        9000000.0
      ],
      "xtalk": [
        5.0,
        7.0,
        14.0,
        22.0,
        30.0,
        38.0,
        45.0
      ],
      "dcr": [
        0.6,
        1.0,
        1.6,
        2.5,
        4.0,
        5.5,
        7.0
      ]
    }
  }
}